dt,Цена на арматуру,price_diff,trend,seasonal,residual,lag_1,lag_2,lag_3,lag_4,lag_52,rolling_mean_4,rolling_std_4,rolling_mean_12,rolling_std_12,rolling_mean_26,rolling_std_26,week,month,quarter,year,trend_seasonal
2016-01-11,21300,0.0,161.53846153846158,28.167705691744175,-189.70616723020575,0.0,-400.0,-300.0,-800.0,-400.0,-175.0,206.15528128088303,-208.33333333333334,366.08079916208595,-161.53846153846155,274.7026364299012,2,1,1,2016,4550.167842512522
2016-01-18,21200,-100.0,144.23076923076925,-102.60152507748666,-141.6292441532826,0.0,0.0,-400.0,-300.0,-500.0,-125.0,189.29694486000915,-250.0,315.50824798324146,-161.53846153846155,274.7026364299012,3,1,1,2016,-14798.296886175962
2016-01-25,21000,-200.0,133.65384615384616,-205.76086573682733,-127.89298041701886,-100.0,0.0,0.0,-400.0,-1300.0,-75.0,95.74271077563385,-291.6666666666667,265.2900071219945,-161.53846153846155,274.7026364299012,4,1,1,2016,-27500.731093672115
2016-02-01,21000,0.0,123.0769230769231,-646.2004261763877,523.1235030994646,-200.0,-100.0,0.0,0.0,-400.0,-75.0,95.74271077563385,-291.6666666666667,265.2900071219945,-153.84615384615384,276.3776680280362,5,2,1,2016,-79532.36014478619
2016-02-08,21000,0.0,110.57692307692308,-623.2883382642998,512.7114151873767,0.0,-200.0,-100.0,0.0,0.0,-75.0,95.74271077563385,-245.83333333333334,264.10942406280753,-142.30769230769232,276.294157626363,6,2,1,2016,-68921.30663499469
2016-02-15,21200,200.0,99.03846153846155,-391.887239363201,492.84877782473944,0.0,0.0,-200.0,-100.0,-200.0,0.0,163.29931618554522,-212.5,293.9735609633195,-123.07692307692308,282.2165017254552,7,2,1,2016,-38811.90928308626
2016-02-22,21800,600.0,91.8269230769231,-492.71141518737676,1000.8844921104537,200.0,0.0,0.0,-200.0,-700.0,200.0,282.842712474619,-108.33333333333333,342.3404295390331,-88.46153846153847,313.1477901271833,8,2,1,2016,-45244.173221533165
2016-02-29,22450,650.0,89.90384615384617,-103.97515145111296,664.0713052972668,600.0,200.0,0.0,0.0,-200.0,362.5,314.5764348029479,-29.166666666666668,399.1230918203586,-63.46153846153846,344.8355237813216,9,2,1,2016,-9347.766019883717
2016-03-07,23300,850.0,88.46153846153847,1769.2391342631724,-1007.7006727247109,650.0,600.0,200.0,0.0,-200.0,575.0,272.33557730613654,108.33333333333333,393.6041697241562,-23.076923076923077,387.09966913723116,10,3,1,2016,156509.61572328064
2016-03-14,23800,500.0,100.00000000000004,337.3481086221471,62.65189137785285,850.0,650.0,600.0,200.0,-300.0,650.0,147.19601443879748,175.0,385.8285064165636,-15.384615384615385,395.6688592167017,11,3,1,2016,33734.81086221473
2016-03-21,25500,1700.0,130.7692307692308,429.97631375035223,1139.2544554804172,500.0,850.0,650.0,600.0,-900.0,925.0,536.1902647381804,350.0,544.8102255080953,50.0,519.422756528822,12,3,1,2016,56227.671798122996
2016-03-28,26700,1200.0,156.73076923076928,336.0660573400959,707.2031734291348,1700.0,500.0,850.0,650.0,-600.0,1062.5,512.1441854269818,450.0,583.4848288126652,103.84615384615384,563.1914553547624,13,3,1,2016,52671.89167926504
2016-04-04,29900,3200.0,171.15384615384616,589.7519547759932,2439.0941990701604,1200.0,1700.0,500.0,850.0,-600.0,1650.0,1144.55231422596,716.6666666666666,965.3857762416519,226.92307692307693,827.3126095051094,14,4,2,2016,100938.31533666038
2016-04-11,29950,50.0,190.3846153846154,78.21349323753175,-218.59810862214715,3200.0,1200.0,1700.0,500.0,-900.0,1537.5,1305.9957886608977,729.1666666666666,954.7627818976657,236.53846153846155,823.5967086271886,15,4,2,2016,14890.6458279147
2016-04-18,31500,1550.0,196.15384615384616,-80.11984009580164,1433.9659939419555,50.0,3200.0,1200.0,1700.0,-900.0,1500.0,1301.9216566291539,875.0,933.3468613738214,296.15384615384613,861.0369419395519,16,4,2,2016,-15715.81478802263
2016-04-25,31900,400.0,172.1153846153846,317.3160573400957,-89.43144195548032,1550.0,50.0,3200.0,1200.0,-100.0,1300.0,1419.506956657839,908.3333333333334,905.9985283284587,296.15384615384613,861.0369419395519,17,4,2,2016,54614.975253728015
2016-05-02,40300,8400.0,133.65384615384613,1446.0019547759932,6820.344199070161,400.0,1550.0,50.0,3200.0,-400.0,2600.0,3919.396212003408,1608.3333333333333,2305.1161805992783,607.6923076923077,1807.5780651298194,18,5,2,2016,193263.72280179136
2016-05-09,43500,3200.0,111.53846153846159,858.9827240067624,2229.478814454776,8400.0,400.0,1550.0,50.0,-400.0,3387.5,3533.736219168978,1858.3333333333333,2301.1690046319472,730.7692307692307,1872.3288665764314,19,5,2,2016,95809.61152383123
2016-05-16,43350,-150.0,111.05769230769235,40.15259580163425,-301.2102881093266,3200.0,8400.0,400.0,1550.0,100.0,2962.5,3910.535982019174,1795.8333333333333,2348.1577240402094,746.1538461538462,1863.0041909197669,20,5,2,2016,4459.254629893036
2016-05-23,42950,-400.0,150.00000000000003,245.6814419554804,-795.6814419554804,-150.0,3200.0,8400.0,400.0,-300.0,2762.5,4101.092334163342,1708.3333333333333,2413.3938130710653,738.4615384615385,1867.474641986214,21,5,2,2016,36852.21629332207
2016-05-30,42000,-950.0,193.75000000000006,454.7359291349676,-1598.4859291349676,-400.0,-150.0,3200.0,8400.0,-200.0,425.0,1879.9379422381635,1558.3333333333333,2524.9512446538024,726.9230769230769,1877.2975666756065,22,5,2,2016,88105.0862699
2016-06-06,38300,-3700.0,202.88461538461542,-957.6839426599041,-2945.2006727247112,-950.0,-400.0,-150.0,3200.0,300.0,-1300.0,1634.5233759927266,1208.3333333333333,2941.6934928813716,596.1538461538462,2061.1124703384376,23,6,2,2016,-194299.33836657673
2016-06-13,37500,-800.0,213.46153846153854,-241.8185580445196,-771.642980417019,-3700.0,-950.0,-400.0,-150.0,600.0,-1462.5,1509.6219173466338,1000.0,2991.8069942610086,596.1538461538462,2061.1124703384376,24,6,2,2016,-51618.96142873401
2016-06-20,36800,-700.0,219.23076923076925,178.69426246830096,-1097.9250316990701,-800.0,-3700.0,-950.0,-400.0,600.0,-1537.5,1445.3229166291273,841.6666666666666,3030.2890151191045,580.7692307692307,2069.544728826943,25,6,2,2016,39175.2806180506
2016-06-27,35400,-1400.0,216.34615384615384,-489.09419907016064,-1127.2519547759932,-700.0,-800.0,-3700.0,-950.0,300.0,-1650.0,1401.189970465578,458.3333333333333,2995.590193277546,542.3076923076923,2097.603027633794,26,6,2,2016,-105813.64883729437
2016-07-04,34400,-1000.0,227.4038461538462,-209.60701958298114,-1017.796826570865,-1400.0,-700.0,-800.0,-3700.0,200.0,-975.0,309.5695936834353,370.8333333333333,3023.8039208115247,503.84615384615387,2117.0225826345395,27,7,3,2016,-47665.44243401447
2016-07-11,33400,-1000.0,239.42307692307696,-110.01910749506902,-1129.403969428008,-1000.0,-1400.0,-700.0,-800.0,0.0,-1025.0,287.2281323268908,158.33333333333334,3023.0052275939925,465.38461538461536,2135.5453275811888,28,7,3,2016,-26341.113236800185
2016-07-18,32500,-900.0,240.38461538461542,-162.62899760495918,-977.7556177796563,-1000.0,-1000.0,-1400.0,-700.0,-100.0,-1075.0,221.73557826082072,50.0,3036.8195085109564,434.61538461538464,2149.73343606919,29,7,3,2016,-39093.509039653654
2016-07-25,32000,-500.0,243.2692307692308,-351.09053606649763,-392.1786947027332,-900.0,-1000.0,-1000.0,-1400.0,-200.0,-850.0,238.0476142847488,-691.6666666666666,1520.292037336208,423.0769230769231,2154.076636019748,30,7,3,2016,-85409.52463925377
2016-08-01,31000,-1000.0,237.98076923076928,-394.9092173851789,-843.0715518455904,-500.0,-900.0,-1000.0,-1000.0,-200.0,-850.0,238.0476142847488,-1041.6666666666667,899.7053389692074,384.61538461538464,2170.795671212251,31,8,3,2016,-93980.79932964596
2016-08-08,30200,-800.0,226.92307692307693,-94.35976683572841,-932.5633100873486,-1000.0,-500.0,-900.0,-1000.0,-300.0,-800.0,216.0246899469145,-1095.8333333333333,859.8251231641478,353.84615384615387,2182.1055463438556,32,8,3,2016,-21412.4086281076
2016-08-15,29200,-1000.0,215.3846153846154,-519.497129473091,-695.8874859115244,-800.0,-1000.0,-500.0,-900.0,-300.0,-825.0,236.29078131261744,-1145.8333333333333,832.7005173020797,307.6923076923077,2198.1215756955894,33,8,3,2016,-111891.68942497346
2016-08-22,28850,-350.0,195.1923076923077,18.552321076359547,-563.7446287686673,-1000.0,-800.0,-1000.0,-500.0,-300.0,-787.5,306.526235962482,-1095.8333333333333,862.9911864432843,271.15384615384613,2200.962202170818,34,8,3,2016,3621.270363943258
2016-08-29,28700,-150.0,166.8269230769231,133.25012327416164,-450.07704635108473,-350.0,-1000.0,-800.0,-1000.0,0.0,-575.0,392.64063297965043,-800.0,337.77345823925907,240.3846153846154,2201.0460799705775,35,8,3,2016,22229.708065449082
2016-09-05,28500,-200.0,144.71153846153848,629.8160573400959,-974.5275958016343,-150.0,-350.0,-1000.0,-800.0,-200.0,-425.0,392.64063297965043,-750.0,379.5930835656895,200.0,2199.0452473744144,36,9,3,2016,91141.65060546581
2016-09-12,30000,1500.0,135.57692307692307,-274.7169096928712,1639.1399866159481,-200.0,-150.0,-350.0,-1000.0,300.0,200.0,870.8233651742052,-566.6666666666666,753.2756749187124,238.46153846153845,2213.2016488475556,37,9,3,2016,-37245.27333336042
2016-09-19,32000,2000.0,115.38461538461537,-549.442184418146,2434.0575690335304,1500.0,-200.0,-150.0,-350.0,0.0,787.5,1130.1732905473657,-283.3333333333333,1007.7728219227089,250.0,2221.891086439657,38,9,3,2016,-63397.17512517068
2016-09-26,32500,500.0,84.61538461538461,-987.7663602423218,1403.150975626937,2000.0,1500.0,-200.0,-150.0,-200.0,950.0,988.2644720249031,-158.33333333333334,1003.8184672297647,223.07692307692307,2214.146823010198,39,9,3,2016,-83580.2304820426
2016-10-03,33300,800.0,34.6153846153846,-718.9476789236405,1484.3322943082558,500.0,2000.0,1500.0,-200.0,0.0,1200.0,678.2329983125222,-8.333333333333334,1001.0978821758483,130.76923076923077,2133.6390005376693,40,10,4,2016,-24886.65042427985
2016-10-10,34300,1000.0,-5.288461538461554,146.9863870104254,858.3020745280362,800.0,500.0,2000.0,1500.0,-200.0,1075.0,649.9999999999952,150.0,997.4968671629996,167.30769230769232,2140.3243823164894,41,10,4,2016,-777.3318543820598
2016-10-17,33700,-600.0,-36.05769230769232,-181.3103162862778,-382.6319914060298,1000.0,800.0,500.0,2000.0,0.0,425.0,713.5591542869172,141.66666666666666,1003.8184672297647,84.61538461538461,2126.2534764589677,42,10,4,2016,6537.6315968609815
2016-10-24,32200,-1500.0,-74.03846153846153,-103.7004261763878,-1322.2611122851508,-600.0,1000.0,800.0,500.0,400.0,-75.0,1187.0832602082553,100.0,1064.0830452895707,11.538461538461538,2147.5245140536904,43,10,4,2016,7677.820014982557
2016-10-31,30400,-1800.0,-175.00000000000003,518.1402331642716,-2143.1402331642716,-1500.0,-600.0,1000.0,800.0,300.0,-725.0,1257.97456254091,16.666666666666668,1174.4115225262494,-380.7692307692308,1329.8178012853432,44,10,4,2016,-90674.54080374756
2016-11-07,30200,-200.0,-298.0769230769231,139.56880459284304,-41.49188151591994,-1800.0,-1500.0,-600.0,1000.0,0.0,-1025.0,749.9999999999959,83.33333333333333,1133.4447360577262,-511.53846153846155,1113.131411137759,45,11,4,2016,-41602.23983055898
2016-11-14,29800,-400.0,-329.3269230769231,239.56880459284304,-310.24188151591994,-200.0,-1800.0,-1500.0,-600.0,-550.0,-975.0,793.2002689527156,79.16666666666667,1135.2729614368943,-521.1538461538462,1110.9611223551503,46,11,4,2016,-78896.45728177764
2016-11-21,33500,3700.0,-325.0,-5.211415187376716,4030.2114151873766,-400.0,-200.0,-1800.0,-1500.0,-200.0,325.0,2359.908190304585,400.0,1537.4122295716145,-363.46153846153845,1385.8252193049232,47,11,4,2016,1693.7099358974326
2016-11-28,33500,0.0,-313.4615384615385,-1161.942184418146,1475.4037228796847,3700.0,-400.0,-200.0,-1800.0,-650.0,775.0,1956.8256607747815,416.6666666666667,1531.3887537629087,-326.9230769230769,1382.2612465978182,48,11,4,2016,364224.18473107275
2016-12-05,33500,0.0,-269.2307692307692,-1229.387239363201,1498.6180085939702,0.0,3700.0,-400.0,-200.0,-300.0,825.0,1925.9196937221086,291.6666666666667,1495.726234876212,-184.6153846153846,1199.4806568485571,49,12,4,2016,330988.8721362464
2016-12-12,33500,0.0,-225.96153846153848,-562.0795470555087,788.0410855170471,0.0,0.0,3700.0,-400.0,-800.0,925.0,1849.9999999999984,125.0,1396.179852962426,-153.84615384615384,1193.308265028201,50,12,4,2016,127008.35919042745
2016-12-19,33000,-500.0,-209.61538461538464,745.0633100873486,-1035.447925471964,0.0,0.0,0.0,3700.0,-300.0,-125.0,249.9999999999877,41.666666666666664,1401.5954112973175,-146.15384615384616,1190.2876187647316,51,12,4,2016,-156176.73230677115
2016-12-26,32500,-500.0,-185.57692307692307,1375.5578155818537,-1689.9808925049306,-500.0,0.0,0.0,0.0,-400.0,-250.0,288.67513459480233,-66.66666666666667,1387.8258558121063,-111.53846153846153,1165.1873405000324,52,12,4,2016,-255271.78693009398
2017-01-02,33750,1250.0,-159.61538461538467,894.9259474499859,514.6894371653989,-500.0,-500.0,0.0,0.0,0.0,62.5,826.0094833999549,-45.833333333333336,1407.0372375594,-25.0,1180.0211862504843,1,1,1,2017,-142843.94930451704
2017-01-09,33750,0.0,-126.44230769230771,28.167705691744175,98.27460200056353,1250.0,-500.0,-500.0,0.0,0.0,62.5,826.0094833999549,4.166666666666667,1396.1730703692294,13.461538461538462,1163.1472557082093,2,1,1,2017,-3561.589710061884
2017-01-16,33750,0.0,-87.50000000000001,-102.60152507748666,190.10152507748666,0.0,1250.0,-500.0,-500.0,-100.0,187.5,746.5197027987007,129.16666666666666,1313.990856017259,48.07692307692308,1148.1707860097094,3,1,1,2017,8977.633444280083
2017-01-23,33750,0.0,-60.57692307692306,-205.76086573682733,266.33778881375036,0.0,0.0,1250.0,-500.0,-200.0,312.5,624.9999999999949,279.1666666666667,1168.4212995890362,67.3076923076923,1142.7985218482133,4,1,1,2017,12464.360135980882
2017-01-30,33000,-750.0,-40.384615384615365,-646.2004261763877,-63.414958438996905,0.0,0.0,0.0,1250.0,0.0,-187.5,374.99999999999176,233.33333333333334,1199.3053545004009,76.92307692307692,1134.4805656537947,5,1,1,2017,26096.555672507955
2017-02-06,32600,-400.0,-8.65384615384615,-623.2883382642998,231.94218441814593,-750.0,0.0,0.0,0.0,0.0,-287.5,361.4208073700155,233.33333333333334,1199.3053545004009,92.3076923076923,1124.783739897791,6,2,1,2017,5393.841388825669
2017-02-13,32000,-600.0,51.923076923076934,-391.887239363201,-260.0358375598759,-400.0,-750.0,0.0,0.0,200.0,-437.5,324.9999999999907,-125.0,518.5206228913521,107.6923076923077,1111.9075777862392,7,2,1,2017,-20347.991274627748
2017-02-20,31300,-700.0,112.98076923076923,-492.71141518737676,-320.2693540433925,-600.0,-400.0,-750.0,0.0,600.0,-612.5,154.7847968417032,-183.33333333333334,542.0220279544718,94.23076923076923,1119.7613069826018,8,2,1,2017,-55666.91469665074
2017-02-27,30300,-1000.0,145.67307692307693,-103.97515145111296,-1041.697925471964,-700.0,-600.0,-400.0,-750.0,650.0,-675.0,249.99999999998806,-266.6666666666667,586.3342722269255,61.53846153846154,1139.4128042380157,9,2,1,2017,-15146.380235426554
2017-03-06,30500,200.0,175.00000000000006,1769.2391342631724,-1744.2391342631724,-1000.0,-700.0,-600.0,-400.0,850.0,-525.0,512.3475382979741,-250.0,597.3426000363454,76.92307692307692,1138.4402284907865,10,3,1,2017,309616.8484960553
2017-03-13,30700,200.0,189.42307692307693,337.3481086221471,-326.77118554522406,200.0,-1000.0,-700.0,-600.0,500.0,-325.0,618.4658438426442,-191.66666666666666,604.8415770541347,26.923076923076923,1101.3837450435494,11,3,1,2017,63901.516729387484
2017-03-20,30600,-100.0,157.6923076923077,429.97631375035223,-687.66862144266,200.0,200.0,-1000.0,-700.0,1700.0,-175.0,567.890834580022,-158.33333333333334,597.2791845045527,-53.84615384615385,1025.272946773012,12,3,1,2017,67803.95716832478
2017-03-27,30400,-200.0,125.96153846153845,336.0660573400959,-662.0275958016343,-100.0,200.0,200.0,-1000.0,1200.0,25.0,206.15528128086805,-279.1666666666667,400.8277420387444,-80.76923076923077,1019.3210409951249,13,3,1,2017,42331.39760726207
2017-04-03,29800,-600.0,100.96153846153845,589.7519547759932,-1290.7134932375316,-200.0,-100.0,200.0,200.0,3200.0,-175.0,330.40379335997426,-329.1666666666667,400.2603319507603,-134.6153846153846,1007.8461421039656,14,4,2,2017,59542.26466488393
2017-04-10,29500,-300.0,66.34615384615383,78.21349323753175,-444.55964708368555,-600.0,-200.0,-100.0,200.0,50.0,-300.0,216.02468994691463,-354.1666666666667,386.9803455975347,-184.6153846153846,981.2002069678985,15,4,2,2017,5189.164455182394
2017-04-17,28200,-1300.0,46.15384615384614,-80.11984009580164,-1266.0340060580445,-300.0,-600.0,-200.0,-100.0,1550.0,-600.0,496.65548085837196,-462.5,454.8351349665059,-211.53846153846155,1002.4278220707658,16,4,2,2017,-3697.838773652382
2017-04-24,27500,-700.0,35.57692307692306,317.3160573400957,-1052.8929804170189,-1300.0,-300.0,-600.0,-200.0,400.0,-725.0,419.32485418029705,-458.3333333333333,452.1832559590156,-180.76923076923077,973.1471546561626,17,4,2,2017,11289.128963061092
2017-05-01,26500,-1000.0,25.96153846153845,1446.0019547759932,-2471.9634932375316,-700.0,-1300.0,-300.0,-600.0,8400.0,-825.0,427.20018726586966,-508.3333333333333,477.6045022883058,-150.0,931.6651759081695,18,5,2,2017,37540.43536437673
2017-05-08,26300,-200.0,8.653846153846164,858.9827240067624,-1067.6365701606085,-1000.0,-700.0,-1300.0,-300.0,3200.0,-800.0,469.04157598233667,-475.0,484.5335151181257,-150.0,931.6651759081695,19,5,2,2017,7433.504342366222
2017-05-15,26300,0.0,24.038461538461526,40.15259580163425,-64.19105734009577,-200.0,-1000.0,-700.0,-1300.0,-150.0,-475.0,457.34742446706827,-416.6666666666667,496.96045815506955,-134.6153846153846,930.6738666975916,20,5,2,2017,965.2066298469766
2017-05-22,26200,-100.0,16.346153846153854,245.6814419554804,-362.0275958016343,0.0,-200.0,-1000.0,-700.0,-400.0,-325.0,457.34742446706815,-341.6666666666667,467.9905463950646,-280.7692307692308,505.781953627633,21,5,2,2017,4015.9466473492007
2017-05-29,26150,-50.0,-24.03846153846152,454.7359291349676,-480.69746759650604,-100.0,0.0,-200.0,-1000.0,-950.0,-87.5,85.39125638296073,-362.5,446.768701597675,-282.6923076923077,504.76574917327946,22,5,2,2017,-10931.15214266748
2017-06-05,26150,0.0,-33.65384615384614,-957.6839426599041,991.3377888137503,-50.0,-100.0,0.0,-200.0,-3700.0,-37.5,47.87135538775268,-379.1666666666667,427.1780198068017,-282.6923076923077,504.76574917327946,23,6,2,2017,32229.74807028522
2017-06-12,26150,0.0,-36.538461538461554,-241.8185580445196,278.35701958298114,0.0,-50.0,-100.0,0.0,-800.0,-37.5,47.87135538775268,-370.8333333333333,434.0393432802505,-282.6923076923077,504.76574917327946,24,6,2,2017,8835.678082395912
2017-06-19,26350,200.0,-28.846153846153854,178.69426246830096,50.151891377852905,0.0,0.0,-50.0,-100.0,-700.0,37.5,110.86778913038943,-337.5,462.7609828763947,-255.76923076923077,511.3368602158318,25,6,2,2017,-5154.642186585606
2017-06-26,26550,200.0,8.653846153846168,-489.09419907016064,680.4403529163145,200.0,0.0,0.0,-50.0,-1400.0,100.0,115.47005383789835,-270.8333333333333,478.8520047198737,-228.84615384615384,516.3667450413667,26,6,2,2017,-4232.545953491782
2017-07-03,26650,100.0,37.98076923076924,-209.60701958298114,271.6262503522119,200.0,200.0,0.0,0.0,-1000.0,125.0,95.74271077560144,-237.5,490.41957917314346,-273.0769230769231,425.96496786256296,27,7,3,2017,-7961.035839930536
2017-07-10,28000,1350.0,35.576923076923094,-110.01910749506902,1424.4421844181459,100.0,200.0,200.0,0.0,-1000.0,462.5,593.5416301041237,-16.666666666666668,560.16772380054,-221.15384615384616,530.1269804345142,28,7,3,2017,-3914.1413243438037
2017-07-17,28800,800.0,35.57692307692309,-162.62899760495918,927.0520745280361,1350.0,100.0,200.0,200.0,-900.0,612.5,580.7681694675255,108.33333333333333,561.1811137451452,-190.3846153846154,565.5120212284144,29,7,3,2017,-5785.8393378687415
2017-07-24,29400,600.0,32.692307692307715,-351.09053606649763,918.3982283741899,800.0,1350.0,100.0,200.0,-500.0,712.5,517.0025789748638,241.66666666666666,453.6885862938723,-167.30769230769232,585.4813929908122,30,7,3,2017,-11477.9598329432
2017-07-31,29400,0.0,29.32692307692311,-394.9092173851789,365.5822943082558,600.0,800.0,1350.0,100.0,-1000.0,687.5,557.3374202401932,258.3333333333333,439.438346763297,-138.46153846153845,573.9874027028283,31,7,3,2017,-11581.472240623048
2017-08-07,30900,1500.0,25.00000000000002,-94.35976683572841,1569.3597668357284,0.0,600.0,800.0,1350.0,-800.0,725.0,618.465843842644,383.3333333333333,556.9124842841235,-65.38461538461539,654.640241776998,32,8,3,2017,-2358.9941708932124
2017-08-14,33900,3000.0,29.807692307692303,-519.497129473091,3489.689437165399,1500.0,0.0,600.0,800.0,-1000.0,1275.0,1304.7988350699864,641.6666666666666,915.7295485352674,73.07692307692308,879.2304327343054,33,8,3,2017,-15485.010590063288
2017-08-21,35900,2000.0,44.23076923076921,18.552321076359547,1937.2169096928712,3000.0,1500.0,0.0,600.0,-350.0,1625.0,1249.9999999999975,812.5,964.8657466668136,176.92307692307693,941.5126944689348,34,8,3,2017,820.583432223595
2017-08-28,36800,900.0,48.07692307692308,133.25012327416164,718.6729536489153,2000.0,3000.0,1500.0,0.0,-150.0,1850.0,888.8194417315555,887.5,930.3286320630802,250.0,919.9999999999999,35,8,3,2017,6406.255926642387
2017-09-04,38600,1800.0,46.153846153846175,629.8160573400959,1124.0300965060578,900.0,2000.0,3000.0,1500.0,-200.0,1925.0,861.6843969807007,1037.5,919.2697200396718,311.53846153846155,968.7422456265332,36,9,3,2017,29068.433415696745
2017-09-11,39600,1000.0,48.07692307692308,-274.7169096928712,1226.6399866159481,1800.0,900.0,2000.0,3000.0,1500.0,1425.0,556.027577253737,1104.1666666666667,881.2332095971917,342.3076923076923,977.7210550757621,37,9,3,2017,-13207.543735234192
2017-09-18,38800,-800.0,53.84615384615385,-549.442184418146,-304.4039694280078,1000.0,1800.0,900.0,2000.0,2000.0,725.0,1093.5416468216138,1020.8333333333334,1012.0766978960838,315.38461538461536,999.7768981897142,38,9,3,2017,-29585.348391746324
2017-09-25,38800,0.0,71.15384615384616,-987.7663602423218,916.6125140884756,-800.0,1000.0,1800.0,900.0,500.0,500.0,1137.2481406154627,1012.5,1020.7227831296793,323.0769230769231,996.4166567486484,39,9,3,2017,-70283.37563262675
2017-10-02,37500,-1300.0,102.8846153846154,-718.9476789236405,-683.936936460975,0.0,-800.0,1000.0,1800.0,800.0,-275.0,1004.5728777279728,791.6666666666666,1210.1527577003226,296.15384615384613,1031.2054186167834,40,10,4,2017,-73968.65542772072
2017-10-09,37000,-500.0,124.03846153846155,146.9863870104254,-771.0248485488869,-1300.0,0.0,-800.0,1000.0,1000.0,-650.0,544.6711546122675,683.3333333333334,1266.2279942148382,288.46153846153845,1036.5623659295848,41,10,4,2017,18231.965311870077
2017-10-16,35800,-1200.0,137.5,-181.3103162862778,-1156.1896837137222,-500.0,-1300.0,0.0,-800.0,-600.0,-750.0,613.7317546507273,533.3333333333334,1378.6246989685262,292.3076923076923,1030.601019569873,42,10,4,2017,-24930.168489363197
2017-10-23,33800,-2000.0,154.80769230769232,-103.7004261763878,-2051.1072661313046,-1200.0,-500.0,-1300.0,0.0,-1500.0,-1250.0,613.7317546507273,366.6666666666667,1558.1651991617537,242.30769230769232,1109.2062303911123,43,10,4,2017,-16053.623667690805
2017-10-30,31500,-2300.0,175.9615384615385,518.1402331642716,-2994.10177162581,-2000.0,-1200.0,-500.0,-1300.0,-1800.0,-1500.0,812.4038404635924,50.0,1687.6557167212209,192.30769230769232,1193.5403057871408,44,10,4,2017,91172.75256640551
2017-11-06,30000,-1500.0,206.73076923076925,139.56880459284304,-1846.2995738236123,-2300.0,-2000.0,-1200.0,-500.0,-200.0,-1750.0,493.2882862316186,-325.0,1456.7242204842528,142.30769230769232,1237.0684950876657,45,11,4,2017,28853.16633409736
2017-11-13,32500,2500.0,221.15384615384616,239.56880459284304,2039.2773492533108,-1500.0,-2300.0,-2000.0,-1200.0,-400.0,-825.0,2241.0934831014956,-283.3333333333333,1534.354073948521,238.46153846153845,1319.947551405562,46,11,4,2017,52981.56255418644
2017-11-20,32500,0.0,222.11538461538464,-5.211415187376716,-216.90396942800794,2500.0,-1500.0,-2300.0,-2000.0,3700.0,-325.0,2110.8844907605267,-358.3333333333333,1492.6841797935892,242.30769230769232,1319.0672695273968,47,11,4,2017,-1157.535488734636
2017-11-27,32000,-500.0,225.48076923076923,-1161.942184418146,436.4614151873768,0.0,2500.0,-1500.0,-2300.0,0.0,125.0,1701.7148213885096,-550.0,1329.0461377859071,225.0,1325.990196042188,48,11,4,2017,-261995.6175442839
2017-12-04,31500,-500.0,223.0769230769231,-1229.387239363201,506.31031628627784,-500.0,0.0,2500.0,-1500.0,0.0,375.0,1436.140661634505,-675.0,1237.3909501997998,205.76923076923077,1332.991141986842,49,12,4,2017,-274247.92262717563
2017-12-11,31700,200.0,218.2692307692308,-562.0795470555087,543.8103162862778,-500.0,-500.0,0.0,2500.0,0.0,-200.0,355.90260840103474,-591.6666666666666,1261.6427482621316,213.46153846153845,1332.3331184285478,50,12,4,2017,-122684.67036692354
2017-12-18,31800,100.0,214.42307692307696,745.0633100873486,-859.4863870104255,200.0,-500.0,-500.0,0.0,-500.0,-175.0,377.49172176352903,-583.3333333333334,1266.2279942148386,209.6153846153846,1332.5178596003307,51,12,4,2017,159758.76745142188
2017-12-25,34600,2800.0,207.69230769230774,1375.5578155818537,1216.7498767258387,100.0,200.0,-500.0,-500.0,-500.0,650.0,1466.287829861516,-241.66666666666666,1571.5992626697946,309.61538461538464,1426.04482613761,52,12,4,2017,285692.77708238503
2018-01-01,35600,1000.0,201.92307692307693,894.9259474499859,-96.84902437306278,2800.0,100.0,200.0,-500.0,1250.0,1025.0,1249.9999999999975,-116.66666666666667,1608.4059490594086,344.2307692307692,1431.6652487978413,1,1,1,2018,180706.200927401
2018-01-08,35600,0.0,188.9423076923077,28.167705691744175,-217.11001338405188,1000.0,2800.0,100.0,200.0,0.0,975.0,1297.1121771072824,-16.666666666666668,1571.8161662885582,292.3076923076923,1418.1461354664623,2,1,1,2018,5322.071315795895
2018-01-15,35600,0.0,175.00000000000006,-102.60152507748666,-72.3984749225134,0.0,1000.0,2800.0,100.0,0.0,950.0,1320.353488022555,150.0,1443.1657121506428,261.53846153846155,1415.3662206162542,3,1,1,2018,-17955.26688856017
2018-01-22,35300,-300.0,164.42307692307696,-205.76086573682733,-258.66221118624964,0.0,0.0,1000.0,2800.0,0.0,175.0,567.890834580022,316.6666666666667,1234.9702486908395,226.92307692307693,1417.7609649888639,4,1,1,2018,-33831.83465480527
2018-01-29,34500,-800.0,155.76923076923086,-646.2004261763877,-309.5688045928431,-300.0,0.0,0.0,1000.0,-750.0,-275.0,377.4917217635294,375.0,1155.3236461151162,196.15384615384616,1431.4973333487617,5,1,1,2018,-100658.14330824507
2018-02-05,33700,-800.0,159.61538461538467,-623.2883382642998,-336.32704635108485,-800.0,-300.0,0.0,0.0,-400.0,-475.0,394.7573094108927,100.0,983.5002426398921,107.6923076923077,1418.7101400703605,6,2,1,2018,-99486.4078383402
2018-02-12,34000,300.0,137.0192307692308,-391.887239363201,554.8680085939702,-800.0,-800.0,-300.0,0.0,-600.0,-400.0,522.8129047119315,125.0,984.539578594066,3.8461538461538463,1291.659636043728,7,2,1,2018,-53696.08808582323
2018-02-19,33900,-100.0,101.92307692307696,-492.71141518737676,290.7883382642998,300.0,-800.0,-800.0,-300.0,-700.0,-350.0,544.6711546122674,158.33333333333334,968.0893397290196,-76.92307692307692,1225.8246831607505,8,2,1,2018,-50218.663471021115
2018-02-26,32700,-1200.0,107.21153846153848,-103.97515145111296,-1203.2363870104257,-100.0,300.0,-800.0,-800.0,-1000.0,-450.0,675.7711644237719,100.0,1030.4456229312545,-157.69230769230768,1228.0628898954897,9,2,1,2018,-11147.335948845286
2018-03-05,32900,200.0,157.6923076923077,1769.2391342631724,-1726.93144195548,-1200.0,-100.0,300.0,-800.0,200.0,-200.0,687.9922480183386,100.0,1030.4456229312545,-219.23076923076923,1164.4807360430593,10,3,1,2018,278995.4019415003
2018-03-12,33300,400.0,186.05769230769232,337.3481086221471,-123.40580092983942,200.0,-1200.0,-100.0,300.0,200.0,-175.0,713.5591542869172,125.0,1034.078421503022,-242.30769230769232,1145.1368745868162,11,3,1,2018,62766.21059460141
2018-03-19,33600,300.0,180.7692307692308,429.97631375035223,-310.74554451958306,400.0,200.0,-1200.0,-100.0,-100.0,-75.0,754.4313531837477,-83.33333333333333,611.753564960944,-200.0,1144.0279716860075,12,3,1,2018,77726.48748564061
2018-03-26,34800,1200.0,147.59615384615387,336.0660573400959,716.3377888137503,300.0,400.0,200.0,-1200.0,-200.0,525.0,457.3474244670681,-66.66666666666667,645.7319079693187,-153.84615384615384,1176.173718200086,13,3,1,2018,49602.05750163916
2018-04-02,36100,1300.0,104.80769230769235,589.7519547759932,605.4403529163144,1200.0,300.0,400.0,200.0,-600.0,800.0,522.8129047119315,41.666666666666664,757.3378414291773,-53.84615384615385,1185.3204694868875,14,4,2,2018,61810.541414022395
2018-04-09,36100,0.0,92.30769230769229,78.21349323753175,-170.52118554522406,1300.0,1200.0,300.0,400.0,-300.0,700.0,648.0740698407814,41.666666666666664,757.3378414291773,-34.61538461538461,1181.8434101664425,15,4,2,2018,7219.707068079852
2018-04-16,35900,-200.0,91.34615384615387,-80.11984009580164,-211.22631375035223,0.0,1300.0,1200.0,300.0,-1300.0,575.0,784.7504911328997,50.0,753.7783614444088,3.8461538461538463,1158.4405963987172,16,4,2,2018,-7318.639239520344
2018-04-23,35900,0.0,104.80769230769229,317.3160573400957,-422.12374964778803,-200.0,0.0,1300.0,1200.0,-700.0,275.0,689.8067362191581,116.66666666666667,705.6052634999171,80.76923076923077,1084.0735143962258,17,4,2,2018,33257.163701990794
2018-04-30,36400,500.0,133.65384615384616,1446.0019547759932,-1079.6558009298394,0.0,-200.0,0.0,1300.0,-1000.0,75.0,298.60788111947164,225.0,649.6502555571375,188.46153846153845,971.3194832090717,18,4,2,2018,193263.72280179142
2018-05-07,37900,1500.0,161.53846153846158,858.9827240067624,479.47881445477594,500.0,0.0,-200.0,0.0,-200.0,450.0,759.3857166596304,325.0,747.2677504811046,303.84615384615387,940.4172560010875,19,5,2,2018,138758.74772416934
2018-05-14,37700,-200.0,140.38461538461542,40.15259580163425,-380.5372111862497,1500.0,500.0,0.0,-200.0,0.0,450.0,759.3857166596304,316.6666666666667,752.9739019180522,200.0,830.9031231136393,20,5,2,2018,5636.806718306348
2018-05-21,37900,200.0,108.65384615384617,245.6814419554804,-154.3352881093266,-200.0,1500.0,500.0,0.0,-100.0,500.0,725.7180352359038,433.3333333333333,586.7217604984697,207.69230769230768,829.902681968471,21,5,2,2018,26694.23359708586
2018-05-28,37900,0.0,106.73076923076924,454.7359291349676,-561.4666983657369,200.0,-200.0,1500.0,500.0,-50.0,375.0,767.5719293112929,416.6666666666667,596.7081414398546,226.92307692307693,818.5634696504318,22,5,2,2018,48534.31551344366
2018-06-04,37600,-300.0,112.50000000000001,-957.6839426599041,545.1839426599041,0.0,200.0,-200.0,1500.0,0.0,-75.0,221.73557826082052,358.3333333333333,631.6764611058029,234.6153846153846,812.3754342382872,23,6,2,2018,-107739.44354923922
2018-06-11,37400,-200.0,112.50000000000001,-241.8185580445196,-70.68144195548041,-300.0,0.0,200.0,-200.0,0.0,-75.0,221.73557826082052,316.6666666666667,652.0364369814885,219.23076923076923,816.8325315604076,24,6,2,2018,-27204.587780008456
2018-06-18,37400,0.0,103.84615384615387,178.69426246830096,-282.54041631445483,-200.0,-300.0,0.0,200.0,200.0,-125.0,149.9999999999793,216.66666666666666,593.6533015357044,215.3846153846154,817.6514209330561,25,6,2,2018,18556.71187170818
2018-06-25,37100,-300.0,70.19230769230766,-489.09419907016064,118.90189137785296,0.0,-200.0,-300.0,0.0,200.0,-200.0,141.42135623728754,83.33333333333333,500.6056937411522,96.15384615384616,630.2258447450524,26,6,2,2018,-34330.65051165549
2018-07-02,37100,0.0,24.038461538461526,-209.60701958298114,185.56855804451962,-300.0,0.0,-200.0,-300.0,100.0,-125.0,149.99999999997928,83.33333333333333,500.6056937411522,57.69230769230769,602.7756311750344,27,7,3,2018,-5038.630278437044
2018-07-09,37200,100.0,7.6923076923076845,-110.01910749506902,202.32679980276134,0.0,-300.0,0.0,-200.0,1350.0,-50.0,173.2050807568698,108.33333333333333,492.59670639531765,61.53846153846154,602.7118204096698,28,7,3,2018,-846.3008268851455
2018-07-16,37800,600.0,4.807692307692307,-162.62899760495918,757.8213052972669,100.0,0.0,-300.0,0.0,800.0,100.0,374.16573867738583,158.33333333333334,510.71844820148505,84.61538461538461,611.6811638050053,29,7,3,2018,-781.8701807930728
2018-07-23,37500,-300.0,0.9615384615384595,-351.09053606649763,50.12899760495918,600.0,100.0,0.0,-300.0,600.0,100.0,374.16573867738583,91.66666666666667,514.266173269929,84.61538461538461,611.6811638050053,30,7,3,2018,-337.5870539100932
2018-07-30,37500,0.0,-4.8076923076923235,-394.9092173851789,399.71690969287124,-300.0,600.0,100.0,0.0,0.0,100.0,374.16573867738583,-33.333333333333336,260.53557891157146,115.38461538461539,584.9391815854412,31,7,3,2018,1898.6020066595202
2018-08-06,39400,1900.0,-3.846153846153854,-94.35976683572841,1998.2059206818822,0.0,-300.0,600.0,100.0,1500.0,550.0,974.6794344808932,141.66666666666666,609.7068346692728,219.23076923076923,651.7786316038477,32,8,3,2018,362.9221801374177
2018-08-13,39650,250.0,6.249999999999995,-519.497129473091,763.247129473091,1900.0,0.0,-300.0,600.0,3000.0,462.5,984.3568120012819,145.83333333333334,610.3122648333886,217.30769230769232,651.6045284821623,33,8,3,2018,-3246.8570592068163
2018-08-20,40750,1100.0,25.4807692307692,18.552321076359547,1055.9669096928712,250.0,1900.0,0.0,-300.0,2000.0,812.5,864.4603326160551,237.5,666.4440916331442,263.46153846153845,670.456216662608,34,8,3,2018,472.7274120418533
2018-08-27,43100,2350.0,68.26923076923077,133.25012327416164,2148.4806459566075,1100.0,250.0,1900.0,0.0,900.0,1400.0,924.6621004453433,458.3333333333333,877.7122466268698,400.0,720.1388754955528,35,8,3,2018,9096.88341583219
2018-09-03,48700,5600.0,118.26923076923077,629.8160573400959,4851.914711890674,2350.0,1100.0,250.0,1900.0,1800.0,2325.0,2347.5164181179493,941.6666666666666,1696.9000256260522,607.6923076923077,1246.490457860974,36,9,3,2018,74487.86062772288
2018-09-10,48850,150.0,136.53846153846152,-274.7169096928712,288.1784481544097,5600.0,2350.0,1100.0,250.0,1000.0,2300.0,2377.323424918591,954.1666666666666,1689.8706692489454,598.0769230769231,1249.1181504750273,37,9,3,2018,-37509.4242080651
2018-09-17,48350,-500.0,126.9230769230769,-549.442184418146,-77.48089250493092,150.0,5600.0,2350.0,1100.0,-800.0,1900.0,2751.66616192202,937.5,1704.2893747035073,567.3076923076923,1266.4866606239723,38,9,3,2018,-69736.89263768775
2018-09-24,44600,-3750.0,104.80769230769229,-987.7663602423218,-2867.0413320653706,-500.0,150.0,5600.0,2350.0,0.0,375.0,3878.681047297736,625.0,2171.562068691986,376.9230769230769,1515.2049874014251,39,9,3,2018,-103525.5127561664
2018-10-01,42600,-2000.0,74.99999999999999,-718.9476789236405,-1356.0523210763595,-3750.0,-500.0,150.0,5600.0,-1300.0,-1525.0,1735.1753033435348,450.0,2298.616184498048,250.0,1571.9414747375295,40,10,4,2018,-53921.075919273026
2018-10-08,41500,-1100.0,63.46153846153845,146.9863870104254,-1310.447925471964,-2000.0,-3750.0,-500.0,150.0,-500.0,-1837.5,1416.2009038268527,308.3333333333333,2340.5354217798244,207.69230769230768,1593.5929409791136,41,10,4,2018,9327.982252584688
2018-10-15,40800,-700.0,67.3076923076923,-181.3103162862778,-585.9973760214144,-1100.0,-2000.0,-3750.0,-500.0,-1200.0,-1887.5,1355.467324086664,275.0,2352.8029705399936,188.46153846153845,1601.7058214483511,42,10,4,2018,-12203.57898080716
2018-10-22,39700,-1100.0,67.30769230769232,-103.7004261763878,-1063.6072661313046,-700.0,-1100.0,-2000.0,-3750.0,-2000.0,-1225.0,549.9999999999947,183.33333333333334,2385.689659514655,146.15384615384616,1621.2910335237825,43,10,4,2018,-6979.836377256872
2018-10-29,39500,-200.0,60.57692307692309,518.1402331642716,-778.7171562411947,-1100.0,-700.0,-1100.0,-2000.0,-2300.0,-775.0,427.2001872658698,8.333333333333334,2324.5560019196364,119.23076923076923,1620.9920988750634,44,10,4,2018,31387.341047451075
2018-11-05,38800,-700.0,41.34615384615384,139.56880459284304,-880.9149584389968,-200.0,-1100.0,-700.0,-1100.0,-1500.0,-675.0,368.5557397915918,-70.83333333333333,2331.7432352537267,34.61538461538461,1603.3570551046466,45,11,4,2018,5770.633266819471
2018-11-12,38300,-500.0,38.46153846153847,239.56880459284304,-778.0303430543815,-700.0,-200.0,-1100.0,-700.0,2500.0,-625.0,377.4917217635298,-204.16666666666666,2304.2903002614034,23.076923076923077,1606.1899494910783,46,11,4,2018,9214.184792032425
2018-11-19,38000,-300.0,45.19230769230769,-5.211415187376716,-339.980892504931,-500.0,-700.0,-200.0,-1100.0,0.0,-425.0,221.73557826082137,-425.0,2159.7032624456033,3.8461538461538463,1606.9799673252353,47,11,4,2018,-235.51587866029388
2018-11-26,37600,-400.0,42.30769230769232,-1161.942184418146,719.6344921104537,-300.0,-500.0,-700.0,-200.0,-500.0,-475.0,170.78251276597626,-925.0,1044.7922803557226,-11.538461538461538,1608.9318004382715,48,11,4,2018,-49159.09241769081
2018-12-03,37600,0.0,47.11538461538462,-1229.387239363201,1182.2718547478164,-400.0,-300.0,-500.0,-700.0,-500.0,-300.0,216.0246899469152,-937.5,1031.5753618969043,0.0,1607.8557149197186,49,12,4,2018,-57923.05262384313
2018-12-10,37300,-300.0,52.88461538461539,-562.0795470555087,209.1949316708933,0.0,-400.0,-300.0,-500.0,200.0,-250.0,173.20508075687093,-920.8333333333334,1040.8602939468644,-3.8461538461538463,1608.4727586703527,50,12,4,2018,-29725.360661589402
2018-12-17,37000,-300.0,67.3076923076923,745.0633100873486,-1112.371002395041,-300.0,0.0,-400.0,-300.0,100.0,-250.0,173.20508075687093,-633.3333333333334,548.2755334738749,-15.384615384615385,1609.5197563726408,51,12,4,2018,50148.49202511
2018-12-24,36700,-300.0,72.1153846153846,1375.5578155818537,-1747.6732001972382,-300.0,-300.0,0.0,-400.0,2800.0,-225.0,149.9999999999806,-491.6666666666667,344.98572653829166,-15.384615384615385,1609.5197563726408,52,12,4,2018,99198.88093138365
2018-12-31,36000,-700.0,65.38461538461536,894.9259474499859,-1660.3105628346011,-300.0,-300.0,-300.0,0.0,1000.0,-400.0,199.99999999998542,-458.3333333333333,296.82665076785474,-42.30769230769231,1615.0970440002857,1,12,4,2018,58514.388871729825
2019-01-07,36000,0.0,62.499999999999986,28.167705691744175,-90.66770569174416,-700.0,-300.0,-300.0,-300.0,0.0,-325.0,287.2281323268913,-400.0,313.3397807202582,-46.15384615384615,1614.8636522581758,2,1,1,2019,1760.4816057340106
2019-01-14,35700,-300.0,49.03846153846155,-102.60152507748666,-246.4369364609749,0.0,-700.0,-300.0,-300.0,0.0,-325.0,287.2281323268913,-333.3333333333333,222.92817160908788,-80.76923076923077,1610.0979425536148,3,1,1,2019,-5031.420941299827
2019-01-21,35300,-400.0,41.346153846153854,-205.76086573682733,-235.58528810932654,-300.0,0.0,-700.0,-300.0,-300.0,-350.0,288.6751345948028,-350.0,219.50357213908717,-84.61538461538461,1610.7618837537239,4,1,1,2019,-8507.42041027267
2019-01-28,34000,-1300.0,48.07692307692306,-646.2004261763877,-701.8764969005354,-400.0,-300.0,0.0,-700.0,-800.0,-500.0,559.7618541248836,-400.0,341.1211461689786,-134.6153846153846,1628.1135851511851,5,1,1,2019,-31067.32818155709
2019-02-04,33800,-200.0,34.61538461538462,-623.2883382642998,388.67295364891515,-1300.0,-400.0,-300.0,0.0,-800.0,-550.0,506.6228051190164,-375.0,344.1062203870953,-215.3846153846154,1574.3423535412637,6,2,1,2019,-21575.365555302687
2019-02-11,34550,750.0,4.326923076923098,-391.887239363201,1137.5603162862778,-200.0,-1300.0,-400.0,-300.0,300.0,-287.5,841.0063416328446,-287.5,473.92222223406435,-196.15384615384616,1583.2828601941646,7,2,1,2019,-1695.6659395523202
2019-02-18,36000,1450.0,-24.03846153846157,-492.71141518737676,1966.7498767258385,750.0,-200.0,-1300.0,-400.0,-100.0,175.0,1193.3845426628675,-133.33333333333334,687.0005072557792,-182.69230769230768,1596.179332512002,8,2,1,2019,11844.024403542726
2019-02-25,37700,1700.0,-66.82692307692308,-103.97515145111296,1870.802074528036,1450.0,750.0,-200.0,-1300.0,-1200.0,925.0,850.9798274146463,8.333333333333334,868.340458296832,-207.69230769230768,1559.5956083352057,9,2,1,2019,6948.339447934954
2019-03-04,40200,2500.0,-152.8846153846154,1769.2391342631724,883.6454811214428,1700.0,1450.0,750.0,-200.0,200.0,1600.0,722.2649560006778,241.66666666666666,1118.2033750077794,-326.9230769230769,1166.8959481659676,10,3,1,2019,-270489.444565235
2019-03-11,40200,0.0,-220.67307692307688,337.3481086221471,-116.67503169907022,2500.0,1700.0,1450.0,750.0,400.0,1412.5,1042.732787758523,266.6666666666667,1108.3020045697533,-332.6923076923077,1164.8126293694022,11,3,1,2019,-74443.64512382956
2019-03-18,39900,-300.0,-231.7307692307692,429.97631375035223,-498.24554451958306,0.0,2500.0,1700.0,1450.0,300.0,975.0,1345.0526631573432,266.6666666666667,1108.3020045697533,-325.0,1164.3238381137778,12,3,1,2019,-99638.74193637968
2019-03-25,39400,-500.0,-209.1346153846154,336.0660573400959,-626.9314419554805,-300.0,0.0,2500.0,1700.0,1200.0,425.0,1398.5111130532098,283.3333333333333,1093.8533500955016,-200.0,933.4880824091964,13,3,1,2019,-70283.04564564505
2019-04-01,39300,-100.0,-173.07692307692304,589.7519547759932,-516.6750316990701,-500.0,-300.0,0.0,2500.0,1300.0,-225.0,221.73557826082214,275.0,1096.5856099730656,-126.92307692307692,858.2809294433569,14,4,2,2019,-102072.45371122958
2019-04-08,39500,200.0,-157.69230769230768,78.21349323753175,279.47881445477594,-100.0,-500.0,-300.0,0.0,0.0,-175.0,298.6078811194727,316.6666666666667,1082.1555369079838,-76.92307692307692,836.9266119834834,15,4,2,2019,-12333.666241303083
2019-04-15,39500,0.0,-149.03846153846155,-80.11984009580164,229.15830163426318,200.0,-100.0,-500.0,-300.0,-200.0,-100.0,294.3920288775855,350.0,1064.0830452895711,-50.0,827.2847151978564,16,4,2,2019,11940.93770658582
2019-04-22,39300,-200.0,-131.7307692307692,317.3160573400957,-385.5852881093265,0.0,200.0,-100.0,-500.0,0.0,-25.0,170.78251276597715,441.6666666666667,950.318925732862,-15.384615384615385,799.9711533260712,17,4,2,2019,-41800.28832268567
2019-04-29,39300,0.0,-119.23076923076924,1446.0019547759932,-1326.771185545224,-200.0,0.0,200.0,-100.0,500.0,0.0,163.29931618552828,458.3333333333333,939.737229551996,-7.6923076923076925,799.086016357726,18,4,2,2019,-172407.92537713767
2019-05-06,39300,0.0,-107.69230769230771,858.9827240067624,-751.2904163144547,0.0,-200.0,0.0,200.0,1500.0,-50.0,99.9999999999724,395.8333333333333,943.5085231906143,19.23076923076923,786.5210643176589,19,5,2,2019,-92505.83181611288
2019-05-13,40300,1000.0,-94.23076923076921,40.15259580163425,1054.078173429135,0.0,0.0,-200.0,0.0,-200.0,200.0,541.6025603090588,358.3333333333333,905.9985283284592,76.92307692307692,801.7768728556294,20,5,2,2019,-3783.6099890001497
2019-05-20,40000,-300.0,-100.96153846153845,245.6814419554804,-444.71990349394196,1000.0,0.0,0.0,-200.0,200.0,175.0,567.8908345800224,191.66666666666666,816.2645887136594,76.92307692307692,801.7768728556294,21,5,2,2019,-24804.376351274463
2019-05-27,40200,200.0,-106.73076923076923,454.7359291349676,-148.00515990419836,-300.0,1000.0,0.0,0.0,0.0,225.0,556.0275772537376,0.0,376.58754867650987,100.0,796.1155694998047,22,5,2,2019,-48534.31551344365
2019-06-03,40200,0.0,-107.69230769230768,-957.6839426599041,1065.3762503522119,200.0,-300.0,1000.0,0.0,-300.0,225.0,556.0275772537376,0.0,376.58754867650987,100.0,796.1155694998047,23,6,2,2019,103135.19382491274
2019-06-10,40300,100.0,-115.38461538461537,-241.8185580445196,457.20317342913495,0.0,200.0,-300.0,1000.0,-200.0,0.0,216.02468994691597,33.333333333333336,365.1483716701119,115.38461538461539,791.9304553771401,24,6,2,2019,27902.141312829182
2019-06-17,41500,1200.0,-121.15384615384615,178.69426246830096,1142.459583685545,100.0,0.0,200.0,-300.0,0.0,375.0,556.0275772537376,175.0,457.5130400526115,173.07692307692307,814.7675458964674,25,6,2,2019,-21649.49718365954
2019-06-24,40500,-1000.0,-112.5,-489.09419907016064,-398.40580092983936,1200.0,100.0,0.0,200.0,-300.0,75.0,899.536917900906,100.0,567.2902095208259,146.15384615384616,842.1309965703755,26,6,2,2019,55023.09739539307
2019-07-01,40500,0.0,-80.76923076923077,-209.60701958298114,290.3762503522119,-1000.0,1200.0,100.0,0.0,0.0,75.0,899.536917900906,83.33333333333333,567.0230608318785,173.07692307692307,825.0128204132056,27,7,3,2019,16929.797735548476
2019-07-08,40300,-200.0,-59.61538461538462,-110.01910749506902,-30.365507889546365,0.0,-1000.0,1200.0,100.0,100.0,0.0,909.2121131323875,66.66666666666667,572.6070099804826,165.3846153846154,827.6193848345051,28,7,3,2019,6558.831408359884
2019-07-15,39800,-500.0,-51.92307692307691,-162.62899760495918,-285.4479254719639,-200.0,0.0,-1000.0,1200.0,600.0,-425.0,434.9329450233234,41.666666666666664,591.5439480074521,157.69230769230768,833.0296882695478,29,7,3,2019,8444.197952565186
2019-07-22,39800,0.0,-49.038461538461526,-351.09053606649763,400.1289976049592,-500.0,-200.0,0.0,-1000.0,-300.0,-175.0,236.2907813126189,41.666666666666664,591.5439480074521,173.07692307692307,825.9819331233294,30,7,3,2019,17216.939749414785
2019-07-29,40200,400.0,-37.59615384615384,-394.9092173851789,832.5053712313327,0.0,-500.0,-200.0,0.0,0.0,-75.0,377.4917217635303,75.0,600.1893640571061,238.46153846153845,770.104887961073,31,7,3,2019,14847.067692077397
2019-08-05,40300,100.0,-14.519230769230766,-94.35976683572841,208.87899760495918,400.0,0.0,-500.0,-200.0,1900.0,0.0,374.16573867738686,0.0,525.7029925382176,250.0,765.5063683601844,32,8,3,2019,1370.0312300187488
2019-08-12,39200,-1100.0,-20.67307692307692,-519.497129473091,-559.8297936038321,100.0,400.0,0.0,-500.0,250.0,-150.0,655.743852430196,-66.66666666666667,611.0100926607794,178.84615384615384,802.2684185387169,33,8,3,2019,10739.604118914862
2019-08-19,38700,-500.0,-55.28846153846154,18.552321076359547,-463.263859537898,-1100.0,100.0,400.0,0.0,1100.0,-275.0,665.2067347824994,-125.0,616.6257152659737,103.84615384615384,769.1453798760114,34,8,3,2019,-1025.7292902794943
2019-08-26,38200,-500.0,-98.07692307692308,133.25012327416164,-535.1732001972385,-500.0,-1100.0,100.0,400.0,2350.0,-500.0,489.89794855663007,-166.66666666666666,624.2571342779918,19.23076923076923,704.8513209290192,35,8,3,2019,-13068.762090350468
2019-09-02,37700,-500.0,-133.65384615384616,629.8160573400959,-996.1622111862497,-500.0,-500.0,-1100.0,100.0,5600.0,-650.0,299.99999999999096,-216.66666666666666,624.9848483011901,-96.15384615384616,497.5787529473239,36,9,3,2019,-84177.33843295513
2019-09-09,36900,-800.0,-138.46153846153848,-274.7169096928712,-386.82155184559036,-500.0,-500.0,-500.0,-1100.0,150.0,-575.0,149.9999999999819,-383.3333333333333,456.9331228832947,-126.92307692307692,515.7966206230441,37,9,3,2019,38037.725957474475
2019-09-16,36200,-700.0,-121.15384615384615,-549.442184418146,-29.403969428007827,-800.0,-500.0,-500.0,-500.0,-500.0,-625.0,149.9999999999819,-358.3333333333333,427.3774855458771,-142.30769230769232,527.008976715255,38,9,3,2019,66567.03388142922
2019-09-23,35000,-1200.0,-99.03846153846155,-987.7663602423218,-113.19517821921681,-700.0,-800.0,-500.0,-500.0,-3750.0,-800.0,294.3920288775857,-458.3333333333333,473.78233079094275,-169.23076923076923,562.6858667279491,39,9,3,2019,97826.86067784534
2019-09-30,34200,-800.0,-83.65384615384616,-718.9476789236405,2.6015250774867127,-1200.0,-700.0,-800.0,-500.0,-2000.0,-875.0,221.73557826082228,-508.3333333333333,475.69725539241887,-196.15384615384616,575.83384355612,40,9,3,2019,60142.73852534301
2019-10-07,33500,-700.0,-89.42307692307692,146.9863870104254,-757.5633100873486,-800.0,-1200.0,-700.0,-800.0,-1100.0,-850.0,238.04761428475027,-525.0,478.87178014389536,-230.76923076923077,578.1136433395975,41,10,4,2019,-13143.974992278425
2019-10-14,33300,-200.0,-100.96153846153847,-181.3103162862778,82.27185474781628,-700.0,-800.0,-1200.0,-700.0,-700.0,-725.0,411.2987559750956,-541.6666666666666,462.1261798043988,-238.46153846153845,576.247809940773,42,10,4,2019,18305.368471210742
2019-10-21,33500,200.0,-108.65384615384615,-103.7004261763878,412.3542723302339,-200.0,-700.0,-800.0,-1200.0,-1100.0,-375.0,464.57866215887265,-558.3333333333334,427.3774855458774,-223.07692307692307,582.6200767619947,43,10,4,2019,11267.45015185752
2019-10-28,33300,-200.0,-111.53846153846153,518.1402331642716,-606.6017716258101,200.0,-200.0,-700.0,-800.0,-200.0,-225.0,368.5557397915923,-583.3333333333334,392.7370930309814,-230.76923076923077,580.8746720381113,44,10,4,2019,-57792.564468322606
2019-11-04,33800,500.0,-111.53846153846153,139.56880459284304,471.9696569456185,-200.0,200.0,-200.0,-700.0,-700.0,75.0,340.3429642776943,-450.0,466.125227028884,-211.53846153846155,596.8764850968224,45,11,4,2019,-15567.289743047877
2019-11-11,33500,-300.0,-121.15384615384616,239.56880459284304,-418.4149584389969,500.0,-200.0,200.0,-200.0,-500.0,50.0,369.68455021363985,-433.3333333333333,467.74766572146586,-261.53846153846155,543.3797368889801,46,11,4,2019,-29024.68209490214
2019-11-18,32300,-1200.0,-127.88461538461539,-5.211415187376716,-1066.9039694280077,-300.0,500.0,-200.0,200.0,-300.0,-300.0,697.6149845485411,-491.6666666666667,517.7895910561181,-296.15384615384613,573.7461245050935,47,11,4,2019,666.4598268472146
2019-11-25,32200,-100.0,-126.92307692307693,-1161.942184418146,1188.865261341223,-1200.0,-300.0,500.0,-200.0,-400.0,-275.0,704.1543391425831,-458.3333333333333,529.9371031861562,-307.6923076923077,566.3377627692333,48,11,4,2019,147477.2772530724
2019-12-02,31800,-400.0,-133.6538461538462,-1229.387239363201,963.0410855170471,-100.0,-1200.0,-300.0,500.0,0.0,-500.0,483.04589153964235,-425.0,518.958747703691,-323.0769230769231,563.0685161205097,49,12,4,2019,164312.33295335094
2019-12-09,31100,-700.0,-139.42307692307693,-562.0795470555087,1.502623978585575,-400.0,-100.0,-1200.0,-300.0,-300.0,-600.0,469.04157598233724,-425.0,518.958747703691,-353.84615384615387,560.8784319124906,50,12,4,2019,78366.85992600843
2019-12-16,30600,-500.0,-151.92307692307693,745.0633100873486,-1093.1402331642716,-700.0,-400.0,-100.0,-1200.0,-300.0,-425.0,249.99999999998923,-366.6666666666667,459.9077641388029,-419.2307692307692,463.05008866793617,51,12,4,2019,-113192.31057096258
2019-12-23,31400,800.0,-147.1153846153846,1375.5578155818537,-428.44243096646903,-500.0,-700.0,-400.0,-100.0,-300.0,-200.0,678.2329983125229,-233.33333333333334,546.6149273372251,-350.0,505.37115073973,52,12,4,2019,-202365.7171000227
2019-12-30,32900,1500.0,-123.07692307692311,894.9259474499859,728.1509756269372,800.0,-500.0,-700.0,-400.0,-700.0,275.0,1053.1698185319694,-50.0,717.9516316957198,-292.3076923076923,619.6276797710544,1,12,4,2019,-110144.73199384444
2020-01-06,32900,0.0,-113.46153846153848,28.167705691744175,85.2938327697943,1500.0,800.0,-500.0,-700.0,0.0,450.0,881.2869377601494,-33.333333333333336,716.4728420068233,-284.61538461538464,622.0561438920486,2,1,1,2020,-3195.951222717128
2020-01-13,33400,500.0,-101.92307692307693,-102.60152507748666,704.5246020005636,0.0,1500.0,800.0,-500.0,-300.0,700.0,627.1629240742217,-8.333333333333334,730.4523297660203,-246.15384615384616,638.8932738608337,3,1,1,2020,10457.46313289768
2020-01-20,32500,-900.0,-92.3076923076923,-205.76086573682733,-601.9314419554804,500.0,0.0,1500.0,800.0,-400.0,275.0,1001.2492197250367,-66.66666666666667,773.8138528017444,-280.7692307692308,649.3191700661421,4,1,1,2020,18993.310683399446
2020-01-27,32890,390.0,-95.1923076923077,-646.2004261763877,1131.3927338686954,-900.0,500.0,0.0,1500.0,-1300.0,-2.5,635.6296091278275,-75.83333333333333,767.1133415525243,-281.15384615384613,648.902623961881,5,1,1,2020,61513.30979948306
2020-02-03,33400,510.0,-99.03846153846156,-623.2883382642998,1232.3267998027613,390.0,-900.0,500.0,0.0,-200.0,125.0,685.4925236645508,-8.333333333333334,781.1045016028542,-265.38461538461536,663.3565000464268,6,2,1,2020,61729.51811656047
2020-02-10,32800,-600.0,-88.46153846153847,-391.887239363201,-119.65122217526056,510.0,390.0,-900.0,500.0,750.0,-150.0,705.2659073002145,41.666666666666664,714.2298246532716,-246.15384615384616,645.1919213572147,7,2,1,2020,34666.94809751394
2020-02-17,32000,-800.0,-69.23076923076924,-492.71141518737676,-238.05781558185396,-600.0,510.0,390.0,-900.0,1450.0,-125.0,670.7458535093563,-16.666666666666668,754.3128520633065,-257.6923076923077,652.5537997272413,8,2,1,2020,34110.79028220301
2020-02-24,31500,-500.0,-47.11538461538463,-103.97515145111296,-348.90946393350237,-800.0,-600.0,510.0,390.0,1700.0,-347.5,585.1139490161964,-25.0,759.4675168108969,-257.6923076923077,652.5537997272413,9,2,1,2020,4898.829251062054
2020-03-02,32500,1000.0,-21.153846153846157,1769.2391342631724,-748.0852881093263,-500.0,-800.0,-600.0,510.0,2500.0,-225.0,826.1355820929122,116.66666666666667,780.3767543871868,-200.0,695.1891828847735,10,3,1,2020,-37426.21245556712
2020-03-09,33500,1000.0,0.9615384615384595,337.3481086221471,661.6903529163144,1000.0,-500.0,-800.0,-600.0,0.0,175.0,960.4686356149247,241.66666666666666,792.6575935459531,-130.76923076923077,722.1519124224372,11,3,1,2020,324.3731813674484
2020-03-16,34000,500.0,18.269230769230766,429.97631375035223,51.75445548041699,1000.0,1000.0,-500.0,-800.0,-300.0,500.0,707.1067811865439,216.66666666666666,778.0433889903029,-84.61538461538461,722.6630239287499,12,3,1,2020,7855.336501208357
2020-03-23,35000,1000.0,41.34615384615384,336.0660573400959,622.5877888137503,500.0,1000.0,1000.0,-500.0,-500.0,875.0,249.99999999998983,175.0,713.805422939741,0.0,715.6032420273115,13,3,1,2020,13895.038909253963
2020-03-30,35000,0.0,70.19230769230768,589.7519547759932,-659.9442624683008,1000.0,500.0,1000.0,1000.0,-100.0,625.0,478.71355387816374,175.0,713.805422939741,30.76923076923077,696.7807292221732,14,3,1,2020,41396.05067177644
2020-04-06,34500,-500.0,99.03846153846153,78.21349323753175,-677.2519547759933,0.0,1000.0,500.0,1000.0,200.0,250.0,645.4972243678989,91.66666666666667,730.5892184125132,38.46153846153846,689.4559728231653,15,4,2,2020,7746.144041794009
2020-04-13,34000,-500.0,122.11538461538463,-80.11984009580164,-541.9955445195831,-500.0,0.0,1000.0,500.0,0.0,0.0,707.1067811865439,125.0,689.182651604586,26.923076923076923,696.0848754614286,16,4,2,2020,-9783.865088621931
2020-04-20,33500,-500.0,122.11538461538463,317.3160573400957,-939.4314419554803,-500.0,-500.0,0.0,1000.0,-200.0,-375.0,249.99999999998983,50.833333333333336,705.7614628358815,0.0,702.6293475225746,17,4,2,2020,38749.17238672323
2020-04-27,33500,0.0,117.30769230769229,1446.0019547759932,-1563.3096470836856,-500.0,-500.0,-500.0,0.0,0.0,-375.0,249.99999999998983,8.333333333333334,690.794448223906,7.6923076923076925,701.4459790593003,18,4,2,2020,169627.1523871838
2020-05-04,33500,0.0,114.42307692307693,858.9827240067624,-973.4058009298393,0.0,-500.0,-500.0,-500.0,0.0,-250.0,288.67513459480404,58.333333333333336,663.9528095680703,-11.538461538461538,694.2258555121217,19,5,2,2020,98287.44630461994
2020-05-11,33500,0.0,112.5,40.15259580163425,-152.65259580163425,0.0,0.0,-500.0,-500.0,1000.0,-125.0,249.99999999998983,125.0,607.7155435054979,0.0,691.7282703489852,20,5,2,2020,4517.167027683853
2020-05-18,33500,0.0,126.92307692307693,245.6814419554804,-372.6045188785573,0.0,0.0,0.0,-500.0,-300.0,0.0,0.0,166.66666666666666,577.3502691896264,46.15384615384615,647.0491599442921,21,5,2,2020,31182.644555887902
2020-05-25,33500,0.0,139.42307692307693,454.7359291349676,-594.1590060580445,0.0,0.0,0.0,0.0,200.0,0.0,0.0,83.33333333333333,514.928650544438,50.0,646.4425728554693,22,5,2,2020,63400.682427471445
2020-06-01,33000,-500.0,163.46153846153845,-957.6839426599041,294.22240419836567,0.0,0.0,0.0,0.0,0.0,-125.0,249.99999999998983,-41.666666666666664,450.16831868926107,46.15384615384615,649.5172171579551,23,6,2,2020,-156544.4906270997
2020-06-08,33000,0.0,202.8846153846154,-241.8185580445196,38.933942659904204,-500.0,0.0,0.0,0.0,100.0,-125.0,249.99999999998983,-83.33333333333333,417.4235549683621,73.07692307692308,631.6123445960762,24,6,2,2020,-49061.265141724645
2020-06-15,33000,0.0,305.7692307692308,178.69426246830096,-484.46349323753174,0.0,-500.0,0.0,0.0,1200.0,-125.0,249.99999999998983,-166.66666666666666,246.18298195866763,92.3076923076923,620.9882942040537,25,6,2,2020,54639.20717780741
2020-06-22,33700,700.0,451.92307692307696,-489.09419907016064,737.1711221470837,0.0,0.0,-500.0,0.0,-1000.0,50.0,493.28828623161957,-108.33333333333333,350.2163833282449,88.46153846153847,616.724848260176,26,6,2,2020,-221032.95534901493
2020-06-29,34500,800.0,525.9615384615385,-209.60701958298114,483.6454811214427,700.0,0.0,0.0,-500.0,0.0,375.0,434.9329450233237,0.0,413.411527305531,61.53846153846154,565.8175840865474,27,6,2,2020,-110245.23049220258
2020-07-06,34500,0.0,540.3846153846155,-110.01910749506902,-430.36550788954645,800.0,700.0,0.0,0.0,-200.0,375.0,434.9329450233237,41.666666666666664,382.47598458972516,61.53846153846154,565.8175840865474,28,7,3,2020,-59452.63308868154
2020-07-13,35000,500.0,535.5769230769232,-162.62899760495918,127.05207452803597,0.0,800.0,700.0,0.0,-500.0,500.0,355.9026084010365,125.0,362.1275516118104,61.53846153846154,565.8175840865474,29,7,3,2020,-87100.33814034835
2020-07-20,35000,0.0,549.0384615384617,-351.09053606649763,-197.94792547196403,500.0,0.0,800.0,700.0,0.0,325.0,394.7573094108939,125.0,362.1275516118104,96.15384615384616,531.1050888332874,30,7,3,2020,-192762.20778266364
2020-07-27,35100,100.0,563.5576923076925,-394.9092173851789,-68.64847492251357,0.0,500.0,0.0,800.0,400.0,150.0,238.0476142847509,133.33333333333334,360.1346549514091,85.0,527.7215174692034,31,7,3,2020,-222554.12722062832
2020-08-03,35100,0.0,526.0576923076924,-94.35976683572841,-431.69792547196397,100.0,0.0,500.0,0.0,100.0,150.0,238.0476142847509,133.33333333333334,360.1346549514091,65.38461538461539,520.7243475715773,32,8,3,2020,-49638.68118829521
2020-08-10,35200,100.0,459.6153846153848,-519.497129473091,159.88174485770622,0.0,100.0,0.0,500.0,-1100.0,50.0,57.73502691891811,141.66666666666666,357.91906991114826,92.3076923076923,502.7310031601992,33,8,3,2020,-238768.8729693631
2020-08-17,35500,300.0,400.9615384615385,18.552321076359547,-119.51385953789806,100.0,0.0,100.0,0.0,-500.0,125.0,125.83057392115876,166.66666666666666,357.60143718781205,134.6153846153846,469.84449145844496,34,8,3,2020,7438.76720080955
2020-08-24,36500,1000.0,350.96153846153845,133.25012327416164,515.7883382642999,300.0,100.0,0.0,100.0,-500.0,350.0,450.9249752822837,291.6666666666667,365.45944516540646,192.30769230769232,480.7686153842201,35,8,3,2020,46765.66826448942
2020-08-31,37200,700.0,312.50000000000006,629.8160573400959,-242.31605734009594,1000.0,300.0,100.0,0.0,-500.0,525.0,403.11288741492103,350.0,370.50334313299777,180.76923076923077,463.9131218400523,36,8,3,2020,196817.51791878
2020-09-07,37500,300.0,298.0769230769231,-274.7169096928712,276.6399866159481,700.0,1000.0,300.0,100.0,-800.0,575.0,340.34296427769465,375.0,354.516315818918,153.84615384615384,433.8025073516911,37,9,3,2020,-81886.77115845199
2020-09-14,37500,0.0,307.6923076923077,-549.442184418146,241.7498767258383,300.0,700.0,1000.0,300.0,-700.0,500.0,439.69686527575806,316.6666666666667,353.76760048302305,134.6153846153846,428.8984100621554,38,9,3,2020,-169059.13366712185
2020-09-21,38000,500.0,310.5769230769231,-987.7663602423218,1177.1894371653987,0.0,300.0,700.0,1000.0,-1200.0,375.0,298.60788111947323,291.6666666666667,326.0182184907455,115.38461538461539,398.6901631014299,39,9,3,2020,-306777.4368829519
2020-09-28,38500,500.0,310.5769230769232,-718.9476789236405,908.3707558467173,500.0,0.0,300.0,700.0,-800.0,325.0,236.29078131261943,333.3333333333333,317.1845844395046,134.6153846153846,404.9121462167377,40,9,3,2020,-223288.5579734
2020-10-05,39500,1000.0,341.34615384615387,146.9863870104254,511.6674591434208,500.0,500.0,0.0,300.0,-700.0,500.0,408.2482904638567,375.0,369.5820735518833,192.30769230769232,417.53857491070227,41,10,4,2020,50173.23787375098
2020-10-12,40000,500.0,379.8076923076924,-181.3103162862778,301.50262397858546,1000.0,500.0,500.0,0.0,-200.0,625.0,249.9999999999896,416.6666666666667,351.1884584284254,230.76923076923077,396.7560769734764,42,10,4,2020,-68863.05282026899
2020-10-19,39500,-500.0,437.49999999999994,-103.7004261763878,-833.7995738236123,500.0,1000.0,500.0,500.0,200.0,375.0,629.1528696058916,366.6666666666667,433.4498677803334,230.76923076923077,396.7560769734764,43,10,4,2020,-45368.936452169655
2020-10-26,39500,0.0,500.00000000000006,518.1402331642716,-1018.1402331642716,-500.0,500.0,1000.0,500.0,-200.0,250.0,645.4972243678988,366.6666666666667,433.4498677803334,230.76923076923077,396.7560769734764,44,10,4,2020,259070.11658213584
2020-11-02,39500,0.0,538.4615384615386,139.56880459284304,-678.0303430543815,0.0,-500.0,500.0,1000.0,500.0,0.0,408.2482904638567,358.3333333333333,439.9552318822981,230.76923076923077,396.7560769734764,45,11,4,2020,75152.43324230012
2020-11-09,39500,0.0,567.3076923076924,239.56880459284304,-806.8764969005354,0.0,0.0,-500.0,500.0,-300.0,-125.0,249.99999999998954,333.3333333333333,451.9318800908218,230.76923076923077,396.7560769734764,46,11,4,2020,135909.22568247828
2020-11-16,39500,0.0,610.5769230769231,-5.211415187376716,-605.3655078895464,0.0,0.0,0.0,-500.0,-1200.0,0.0,0.0,250.0,407.8769868031746,230.76923076923077,396.7560769734764,47,11,4,2020,-3181.969849984822
2020-11-23,39500,0.0,691.3461538461539,-1161.942184418146,470.5960305719922,0.0,0.0,0.0,0.0,-100.0,0.0,0.0,191.66666666666666,387.2005196590563,230.76923076923077,396.7560769734764,48,11,4,2020,-803304.2601890838
2020-11-30,41500,2000.0,743.269230769231,-1229.387239363201,2486.11800859397,0.0,0.0,0.0,0.0,-400.0,500.0,999.9999999999974,333.3333333333333,651.33894727893,326.9230769230769,501.6434529086892,49,11,4,2020,-913765.7077189947
2020-12-07,42500,1000.0,753.8461538461539,-562.0795470555087,808.2333932093547,2000.0,0.0,0.0,0.0,-700.0,750.0,957.4271077563354,416.6666666666667,668.557923421522,365.38461538461536,513.764387782809,50,12,4,2020,-423721.5047033835
2020-12-14,51000,8500.0,774.0384615384615,745.0633100873486,6980.89822837419,1000.0,2000.0,0.0,0.0,-500.0,2875.0,3837.859646556484,1083.3333333333333,2429.3034292807374,692.3076923076923,1671.6274888677979,51,12,4,2020,576707.658288765
2020-12-21,58000,7000.0,781.7307692307693,1375.5578155818537,4842.711415187377,8500.0,1000.0,2000.0,0.0,800.0,4625.0,3682.729965664058,1625.0,2955.1572793092664,934.6153846153846,2079.6042522926914,52,12,4,2020,1075315.8692961992
2020-12-28,61000,3000.0,767.3076923076923,894.9259474499859,1337.7663602423218,7000.0,8500.0,1000.0,2000.0,1500.0,4875.0,3473.1109973624502,1791.6666666666667,2973.0481246550903,1019.2307692307693,2118.304837509319,53,12,4,2020,686683.5635241237
2021-01-04,61000,0.0,759.6153846153845,28.167705691744175,-787.7830903071288,3000.0,7000.0,8500.0,1000.0,0.0,4625.0,3859.512058969803,1750.0,2996.209726850363,1019.2307692307693,2118.304837509319,1,1,1,2021,21396.622592767206
2021-01-11,61000,0.0,750.0,-102.60152507748666,-647.3984749225133,0.0,3000.0,7000.0,8500.0,500.0,2500.0,3316.624790355399,1791.6666666666667,2965.393836585725,1000.0,2125.46465508133,2,1,1,2021,-76951.143808115
2021-01-18,62000,1000.0,730.7692307692307,-205.76086573682733,474.9916349675966,0.0,0.0,3000.0,7000.0,-900.0,1000.0,1414.2135623730928,1875.0,2924.2326110684767,1038.4615384615386,2115.6704701965136,3,1,1,2021,-150363.70957691225
2021-01-25,62000,0.0,710.576923076923,-646.2004261763877,-64.37649690053524,1000.0,0.0,0.0,3000.0,390.0,250.0,499.9999999999939,1875.0,2924.2326110684767,1034.6153846153845,2117.5348512253213,4,1,1,2021,-459175.1105234139
2021-02-01,59000,-3000.0,680.7692307692306,-623.2883382642998,-3057.4808925049306,0.0,1000.0,0.0,0.0,510.0,-500.0,1732.0508075688756,1625.0,3213.0769733020143,919.2307692307693,2253.5339768051826,5,2,1,2021,-424315.5225876194
2021-02-08,55000,-4000.0,626.9230769230769,-391.887239363201,-4235.035837559876,-3000.0,0.0,1000.0,0.0,-600.0,-1500.0,2380.4761428476154,1291.6666666666667,3583.1571485932836,761.5384615384615,2448.19556785432,6,2,1,2021,-245683.15390846832
2021-02-15,51500,-3500.0,579.8076923076923,-492.71141518737676,-3587.096277120316,-4000.0,-3000.0,0.0,1000.0,-800.0,-2625.0,1796.9882210706503,1000.0,3831.6860755831995,615.3846153846154,2586.378519504414,7,2,1,2021,-285677.86861345015
2021-02-22,48500,-3000.0,543.2692307692307,-103.97515145111296,-3439.2940793181174,-3500.0,-4000.0,-3000.0,0.0,-500.0,-3375.0,478.71355387816254,583.3333333333334,3981.9669267914073,461.53846153846155,2679.862223783442,8,2,1,2021,-56486.5005479604
2021-03-01,48000,-500.0,498.0769230769231,1769.2391342631724,-2767.3160573400955,-3000.0,-3500.0,-4000.0,-3000.0,1000.0,-2750.0,1554.5631755148006,458.3333333333333,3991.230918203586,415.38461538461536,2685.9176916193546,9,3,1,2021,881217.1841810802
2021-03-08,49000,1000.0,445.1923076923077,337.3481086221471,217.45958368554528,-500.0,-3000.0,-3500.0,-4000.0,1000.0,-1500.0,2121.320343559641,-166.66666666666666,3106.688776095081,442.3076923076923,2688.222174884074,10,3,1,2021,150184.78297312895
2021-03-15,50500,1500.0,389.42307692307685,429.97631375035223,680.6006093265709,1000.0,-500.0,-3000.0,-3500.0,500.0,-250.0,2020.7259421636886,-625.0,2237.338109938196,500.0,2694.4387170614955,11,3,1,2021,167442.69910470446
2021-03-22,50800,300.0,346.15384615384613,336.0660573400959,-382.219903493942,1500.0,1000.0,-500.0,-3000.0,1000.0,575.0,869.3867570496617,-850.0,1957.9674061731375,492.3076923076923,2694.7241902537,12,3,1,2021,116330.55831003319
2021-03-29,51500,700.0,312.49999999999994,589.7519547759932,-202.25195477599317,300.0,1500.0,1000.0,-500.0,0.0,875.0,505.7996968497783,-791.6666666666666,1995.6581659070562,500.0,2695.032467336896,13,3,1,2021,184297.48586749786
2021-04-05,53500,2000.0,315.3846153846153,78.21349323753175,1606.401891377853,700.0,300.0,1500.0,1000.0,-500.0,1125.0,767.5719293112933,-625.0,2145.6615847713815,538.4615384615385,2709.550061995817,14,4,2,2021,24667.33248260616
2021-04-12,54500,1000.0,349.0384615384615,-80.11984009580164,731.0813785573403,2000.0,700.0,300.0,1500.0,-500.0,1000.0,725.718035235904,-625.0,2145.6615847713815,557.6923076923077,2711.040106958667,15,4,2,2021,-27964.905725746143
2021-04-19,58500,4000.0,418.2692307692308,317.3160573400957,3264.4147118906735,1000.0,2000.0,700.0,300.0,-500.0,1925.0,1490.8051515875554,-291.6666666666667,2528.189554650209,730.7692307692307,2783.4897852543636,16,4,2,2021,132723.54321436695
2021-04-26,60500,2000.0,557.6923076923077,1446.0019547759932,-3.694262468300849,4000.0,1000.0,2000.0,700.0,0.0,2250.0,1258.3057392117892,125.0,2452.1326524995634,807.6923076923077,2790.1144172844342,17,4,2,2021,806424.1670866116
2021-05-03,62500,2000.0,682.6923076923077,858.9827240067624,458.32496830093,2000.0,4000.0,1000.0,2000.0,0.0,2250.0,1258.3057392117892,625.0,2124.3715648291245,884.6153846153846,2794.522114092827,18,5,2,2021,586420.8981200013
2021-05-10,63500,1000.0,740.3846153846155,40.15259580163425,219.46278881375028,2000.0,2000.0,4000.0,1000.0,0.0,2250.0,1258.3057392117892,1000.0,1680.908845075944,923.0769230769231,2788.7355833506613,19,5,2,2021,29728.364199286898
2021-05-17,67000,3500.0,750.0,245.6814419554804,2504.3185580445197,1000.0,2000.0,2000.0,4000.0,0.0,2125.0,1030.7764064044122,1541.6666666666667,1272.4052622946629,1057.6923076923076,2826.6125418136917,20,5,2,2021,184261.0814666103
2021-05-24,71900,4900.0,687.5,454.7359291349676,3757.7640708650324,3500.0,1000.0,2000.0,2000.0,0.0,2850.0,1709.7758137642863,1991.6666666666667,1429.849536479169,1246.1538461538462,2915.2332008579715,21,5,2,2021,312630.9512802902
2021-05-31,71900,0.0,533.653846153846,-957.6839426599041,424.03009650605816,4900.0,3500.0,1000.0,2000.0,-500.0,2350.0,2248.703330069723,1908.3333333333333,1519.245227277696,1169.2307692307693,2920.9271446948796,22,5,2,2021,-511071.7194002371
2021-06-07,72500,600.0,399.03846153846143,-241.8185580445196,442.78009650605816,0.0,4900.0,3500.0,1000.0,0.0,2250.0,2335.950912726263,1833.3333333333333,1562.8257236250754,1153.8461538461538,2922.9068776450295,23,6,2,2021,-96494.90537353423
2021-06-14,74000,1500.0,274.0384615384613,178.69426246830096,1047.2672759932375,600.0,0.0,4900.0,3500.0,0.0,1750.0,2188.6068628239277,1933.3333333333333,1492.6080489796325,884.6153846153846,2512.7980114115508,24,6,2,2021,48969.10077256321
2021-06-21,74000,0.0,124.99999999999997,-489.09419907016064,364.0941990701607,1500.0,600.0,0.0,4900.0,700.0,525.0,708.8723439378873,1875.0,1557.460053478681,615.3846153846154,2184.9837175946745,25,6,2,2021,-61136.774883770064
2021-06-28,74000,0.0,48.07692307692305,-209.60701958298114,161.5300965060581,0.0,1500.0,600.0,0.0,800.0,525.0,708.8723439378873,1708.3333333333333,1647.2888653968992,500.0,2132.6040420106115,26,6,2,2021,-10077.260556874087
2021-07-05,74000,0.0,38.46153846153845,-110.01910749506902,71.55756903353057,0.0,0.0,1500.0,600.0,0.0,375.0,749.9999999999962,1625.0,1710.4624574020372,500.0,2132.6040420106115,27,7,3,2021,-4231.504134425731
2021-07-12,73500,-500.0,48.076923076923094,-162.62899760495918,-385.4479254719639,0.0,0.0,0.0,1500.0,500.0,-125.0,249.99999999998883,1250.0,1634.0134638368188,480.7692307692308,2139.5362545690555,28,7,3,2021,-7818.701807930733
2021-07-19,72500,-1000.0,40.384615384615415,-351.09053606649763,-689.2940793181178,-500.0,0.0,0.0,0.0,0.0,-375.0,478.7135538781632,1000.0,1735.1971331549305,403.84615384615387,2156.0112744103667,29,7,3,2021,-14178.656264223953
2021-07-26,71500,-1000.0,21.153846153846175,-394.9092173851789,-626.2446287686673,-1000.0,-500.0,0.0,0.0,100.0,-625.0,478.7135538781632,750.0,1793.1688558121193,365.38461538461536,2172.3613525732417,30,7,3,2021,-8353.84882930187
2021-08-02,69500,-2000.0,42.30769230769233,-94.35976683572841,-1947.947925471964,-1000.0,-1000.0,-500.0,0.0,0.0,-1125.0,629.1528696058914,500.0,1956.8063034165923,403.84615384615387,2118.580802184475,31,8,3,2021,-3992.143981511588
2021-08-09,66000,-3500.0,133.65384615384613,-519.497129473091,-3114.1567166807554,-2000.0,-1000.0,-1000.0,-500.0,100.0,-1875.0,1181.45390656315,-83.33333333333333,2023.423441655855,423.0769230769231,2078.9050372362253,32,8,3,2021,-69432.78941996119
2021-08-16,65000,-1000.0,230.7692307692308,18.552321076359547,-1249.3215518455902,-3500.0,-2000.0,-1000.0,-1000.0,300.0,-1875.0,1181.45390656315,-575.0,1284.2578330764363,519.2307692307693,1943.6088558697666,33,8,3,2021,4281.304863775281
2021-08-23,63500,-1500.0,331.7307692307693,133.25012327416164,-1964.980892504931,-1000.0,-3500.0,-2000.0,-1000.0,1000.0,-2000.0,1080.1234497346409,-700.0,1296.148139681573,576.9230769230769,1855.2213220654164,34,8,3,2021,44203.165893832476
2021-08-30,62000,-1500.0,485.57692307692315,629.8160573400959,-2615.392980417019,-1500.0,-1000.0,-3500.0,-2000.0,700.0,-1875.0,1108.67789130417,-875.0,1245.4462508018426,538.4615384615385,1888.5077544086328,35,8,3,2021,305824.14322764275
2021-09-06,59000,-3000.0,557.6923076923077,-274.7169096928712,-3282.9753979994366,-1500.0,-1500.0,-1000.0,-3500.0,300.0,-1750.0,866.0254037844356,-1250.0,1138.1803659589934,384.61538461538464,2008.520312606732,36,9,3,2021,-153207.50732871663
2021-09-13,56500,-2500.0,495.1923076923077,-549.442184418146,-2445.7501232741615,-3000.0,-1500.0,-1500.0,-1000.0,0.0,-2125.0,749.9999999999965,-1458.3333333333333,1117.1866722289808,230.76923076923077,2071.862781319116,37,9,3,2021,-272079.5432455242
2021-09-20,55000,-1500.0,381.73076923076934,-987.7663602423218,-893.9644089884475,-2500.0,-3000.0,-1500.0,-1500.0,500.0,-2125.0,749.9999999999965,-1583.3333333333333,1018.7633620614707,161.53846153846155,2099.3478840967587,38,9,3,2021,-377060.8125155787
2021-09-27,54000,-1000.0,328.8461538461539,-718.9476789236405,-609.8984749225133,-1500.0,-2500.0,-3000.0,-1500.0,500.0,-2000.0,912.870929175274,-1666.6666666666667,912.8709291752789,96.15384615384616,2108.3606464228587,39,9,3,2021,-236423.17903065876
2021-10-04,56800,2800.0,326.9230769230769,146.9863870104254,2326.0905360664974,-1000.0,-1500.0,-2500.0,-3000.0,1000.0,-550.0,2318.764038591823,-1391.6666666666667,1562.31665590985,126.92307692307692,2142.812673531252,40,10,4,2021,48053.24190725446
2021-10-11,59000,2200.0,278.84615384615387,-181.3103162862778,2102.464162440124,2800.0,-1000.0,-1500.0,-2500.0,500.0,625.0,2188.416474683615,-1125.0,1876.7113402293537,173.07692307692307,2175.050839370462,41,10,4,2021,-50557.68434905824
2021-10-18,64000,5000.0,177.8846153846154,-103.7004261763878,4925.8158107917725,2200.0,2800.0,-1000.0,-1500.0,-500.0,2250.0,2478.5748593361727,-625.0,2580.389329327862,211.53846153846155,2252.8785005990753,42,10,4,2021,-18446.710425607445
2021-10-25,73000,9000.0,62.50000000000002,518.1402331642716,8419.359766835729,5000.0,2200.0,2800.0,-1000.0,0.0,4750.0,3078.4195079076962,291.6666666666667,3740.5537590365448,480.7692307692308,2821.6334603586242,43,10,4,2021,32383.764572766988
2021-11-01,77000,4000.0,-33.65384615384614,139.56880459284304,3894.085041561003,9000.0,5000.0,2200.0,2800.0,0.0,5050.0,2876.9196489764295,916.6666666666666,3675.4302984532137,557.6923076923077,2891.113706089482,44,11,4,2021,-4697.027077643754
2021-11-08,79000,2000.0,-115.38461538461547,239.56880459284304,1875.8158107917723,4000.0,9000.0,5000.0,2200.0,0.0,5000.0,2943.9202887759484,1166.6666666666667,3635.014901390823,596.1538461538462,2903.8568517378085,45,11,4,2021,-27642.554376097294
2021-11-15,78000,-1000.0,-197.1153846153847,-5.211415187376716,-797.6732001972385,2000.0,4000.0,9000.0,5000.0,0.0,3500.0,4203.173404306163,1208.3333333333333,3604.4059738384667,423.0769230769231,2857.5944698025564,46,11,4,2021,1027.2501090502185
2021-11-22,72500,-5500.0,-335.57692307692304,-1161.942184418146,-4002.480892504931,-1000.0,2000.0,4000.0,9000.0,0.0,-125.0,4130.677910464576,875.0,4036.678427528347,23.076923076923077,2932.7540220492674,47,11,4,2021,389920.98304032016
2021-11-29,64000,-8500.0,-459.61538461538464,-1229.387239363201,-6810.997376021414,-5500.0,-1000.0,2000.0,4000.0,2000.0,-3250.0,4663.689526544407,416.6666666666667,4763.465761460458,-303.84615384615387,3375.7346778715614,48,11,4,2021,565045.2888611635
2021-12-06,61500,-2500.0,-527.8846153846155,-562.0795470555087,-1410.0358375598757,-8500.0,-5500.0,-1000.0,2000.0,1000.0,-4375.0,3326.0336739125173,416.6666666666667,4763.465761460458,-423.0769230769231,3397.2115262147213,49,12,4,2021,296713.1455129561
2021-12-13,60500,-1000.0,-586.5384615384617,745.0633100873486,-1158.524848548887,-2500.0,-8500.0,-5500.0,-1000.0,8500.0,-4375.0,3326.0336739125173,458.3333333333333,4747.335775958656,-519.2307692307693,3375.916969449247,50,12,4,2021,-437008.28764738725
2021-12-20,61500,1000.0,-605.7692307692307,1375.5578155818537,230.21141518737704,-1000.0,-2500.0,-8500.0,-5500.0,7000.0,-2750.0,4092.676385936225,625.0,4726.544961462578,-480.7692307692308,3387.744881866902,51,12,4,2021,-833270.5998236228
2021-12-27,62500,1000.0,-586.5384615384615,894.9259474499859,691.6125140884756,1000.0,-1000.0,-2500.0,-8500.0,3000.0,-375.0,1701.7148213885105,475.0,4679.57360139886,-442.3076923076923,3399.079060795507,52,12,4,2021,-524908.4884081648
2022-01-03,63500,1000.0,-567.3076923076923,28.167705691744175,1539.1399866159481,1000.0,1000.0,-1000.0,-2500.0,0.0,500.0,999.999999999998,375.0,4652.101187049295,-403.84615384615387,3409.9244295709277,1,1,1,2022,-15979.756113585636
2022-01-10,63500,0.0,-548.076923076923,-102.60152507748666,650.6784481544096,1000.0,1000.0,1000.0,-1000.0,0.0,750.0,499.99999999999596,-41.666666666666664,4418.238713937189,-384.61538461538464,3410.7702716767435,2,1,1,2022,56233.52816746864
2022-01-17,63700,200.0,-514.4230769230767,-205.76086573682733,920.183942659904,0.0,1000.0,1000.0,1000.0,1000.0,550.0,525.9911279353128,-775.0,3392.270625996695,-338.46153846153845,3410.2289568974015,3,1,1,2022,105848.13766269477
2022-01-24,62500,-1200.0,-475.96153846153834,-646.2004261763877,-77.83803536207392,200.0,0.0,1000.0,1000.0,0.0,0.0,909.2121131323881,-1208.3333333333333,3040.7709349419742,-346.15384615384613,3412.005951838979,4,1,1,2022,307566.54899741523
2022-01-31,62900,400.0,-442.30769230769226,-623.2883382642998,1465.596030571992,-1200.0,200.0,0.0,1000.0,-3000.0,-150.0,718.795288428258,-1341.6666666666667,2919.9808010991937,-253.84615384615384,3397.9088591933446,5,1,1,2022,275685.22653997876
2022-02-07,65000,2100.0,-375.0,-391.887239363201,2866.887239363201,400.0,-1200.0,200.0,0.0,-4000.0,375.0,1352.4668819112217,-1083.3333333333333,3085.40061737483,-38.46153846153846,3361.1994196211476,6,2,1,2022,146957.71476120036
2022-02-14,65500,500.0,-331.7307692307691,-492.71141518737676,1324.4421844181459,2100.0,400.0,-1200.0,200.0,-3500.0,450.0,1347.8377746103804,-583.3333333333334,2775.160383025666,19.23076923076923,3356.905626408849,7,2,1,2022,163447.53676888935
2022-02-21,69000,3500.0,-331.7307692307692,-103.97515145111296,3935.705920681882,500.0,2100.0,400.0,-1200.0,-3000.0,1625.0,1472.8091073410235,416.6666666666667,1558.456890256476,211.53846153846155,3409.2024783608176,8,2,1,2022,34491.75697176343
2022-02-28,78000,9000.0,-317.30769230769226,1769.2391342631724,7548.068558044519,3500.0,500.0,2100.0,400.0,-500.0,3775.0,3692.6729253121416,1375.0,2711.2979112661833,615.3846153846154,3798.072385586384,9,2,1,2022,-561393.1868335066
